0,1.38352E+12,1.38352E+12,1.38352E+12,1.38352E+12,1.38352E+12,1.38352E+12,1.38352E+12,1.38352E+12,1.38352E+12,1.38353E+12,1.38353E+12,1.38353E+12,1.38353E+12,1.38353E+12,1.38353E+12,1.38353E+12,1.38353E+12,1.38353E+12,1.38353E+12,1.38353E+12,1.38353E+12,1.38353E+12,1.38353E+12,1.38353E+12,1.38353E+12,1.38353E+12,1.38354E+12,1.38354E+12,1.38354E+12,1.38354E+12,1.38354E+12,1.38354E+12,1.38354E+12,1.38354E+12,1.38354E+12,1.38354E+12,1.38354E+12,1.38354E+12,1.38354E+12,1.38354E+12,1.38354E+12,1.38354E+12,1.38354E+12,1.38355E+12,1.38355E+12,1.38355E+12,1.38355E+12,1.38355E+12,1.38355E+12,1.38355E+12,1.38355E+12,1.38355E+12,1.38355E+12,1.38355E+12,1.38355E+12,1.38355E+12,1.38355E+12,1.38355E+12,1.38355E+12,1.38356E+12,1.38356E+12,1.38356E+12,1.38356E+12,1.38356E+12,1.38356E+12,1.38356E+12,1.38356E+12,1.38356E+12,1.38356E+12,1.38356E+12,1.38356E+12,1.38356E+12,1.38356E+12,1.38356E+12,1.38356E+12,1.38356E+12,1.38357E+12,1.38357E+12,1.38357E+12,1.38357E+12,1.38357E+12,1.38357E+12,1.38357E+12,1.38357E+12,1.38357E+12,1.38357E+12,1.38357E+12,1.38357E+12,1.38357E+12,1.38357E+12,1.38357E+12,1.38357E+12,1.38357E+12,1.38358E+12,1.38358E+12,1.38358E+12,1.38358E+12,1.38358E+12,1.38358E+12,1.38358E+12,1.38358E+12,1.38358E+12,1.38358E+12,1.38358E+12,1.38358E+12,1.38358E+12,1.38358E+12,1.38358E+12,1.38358E+12,1.38359E+12,1.38359E+12,1.38359E+12,1.38359E+12,1.38359E+12,1.38359E+12,1.38359E+12,1.38359E+12,1.38359E+12,1.38359E+12,1.38359E+12,1.38359E+12,1.38359E+12,1.38359E+12,1.38359E+12,1.38359E+12,1.38359E+12,1.3836E+12,1.3836E+12,1.3836E+12,1.3836E+12,1.3836E+12,1.3836E+12,1.3836E+12,1.3836E+12,1.3836E+12,1.3836E+12,1.3836E+12,1.3836E+12,1.3836E+12,1.3836E+12,1.3836E+12,1.3836E+12,1.3836E+12,1.38361E+12
1,9.260190139,9.215273068,8.669007275,7.811098656,7.610200264,7.776195678,7.035252011,8.457138945,8.812706798,0.026137424,6.376637231,6.754778305,6.11082978,5.887773899,6.107745973,0.026137424,5.417423301,5.511249137,5.336269215,5.005542289,5.372874004,4.749482018,4.98924796,5.460628143,5.506207023,4.694390275,5.56342807,4.906269023,5.26586477,6.042373225,5.120143619,4.656904721,5.516061879,4.947366739,5.107765904,5.311332371,5.600790586,5.318310615,5.646429184,6.73852286,7.556640678,8.772282653,9.985427549,11.94072711,12.13511095,0.00178731,9.612157591,NaN,0.027924734,NaN,9.626664609,NaN,0.00178731,0.00178731,0.026137424,NaN,NaN,NaN,NaN,NaN,NaN,NaN,0.026137424,NaN,NaN,0.026137424,NaN,NaN,NaN,11.00651335,0.00178731,8.536421565,0.078412273,NaN,8.45387012,8.725626229,8.336980249,8.232307513,8.599014959,8.338986513,7.869260185,9.252327527,9.021646955,8.410665278,8.873524642,8.416271944,NaN,NaN,NaN,NaN,0.026137424,NaN,NaN,NaN,10.10972316,10.58614545,NaN,13.30040018,12.10735855,11.0955875,10.31412243,NaN,13.44783491,12.70112399,NaN,11.87330695,14.38032334,11.42873013,NaN,12.19869773,NaN,0.026137424,13.34172727,NaN,15.02467358,17.04521243,12.21856668,0.029712044,NaN,NaN,NaN,13.84539031,NaN,15.99169721,0.026137424,15.56634919,0.026137424,17.3722453,14.66670816,14.70057114,NaN,NaN,12.19075322,0.026137424,0.026137424,13.45781146,0.026137424,13.32893743,12.48029694,11.67733124,11.65383971,0.026137424,11.41693862,9.81446376
2,9.282384409,9.251897367,8.699859062,7.809980185,7.605843982,7.782035749,7.037051073,8.453135469,8.825537939,0.027355982,6.384016137,6.75090244,6.10018804,5.882006391,6.111822012,0.027355982,5.40812773,5.512022309,5.345732431,5.013241473,5.372588757,4.756956008,4.984408759,5.470731915,5.518715384,4.688877989,5.595753637,4.904572551,5.275775875,6.066201414,5.141727359,4.655015581,5.54684861,4.956797427,5.122776437,5.334840282,5.611087025,5.334507178,5.67417077,6.799228067,7.593297505,8.820419447,10.04363309,11.9972662,12.16766421,0.000921558,9.666034369,NaN,0.028277541,NaN,9.693945526,NaN,0.000921558,0.000921558,0.027355982,NaN,NaN,NaN,NaN,NaN,NaN,NaN,0.027355982,NaN,NaN,0.027355982,NaN,NaN,NaN,11.03569869,0.000921558,8.573238531,0.082067947,NaN,8.503450668,8.774501165,8.391595168,8.263642219,8.622012426,8.382026382,7.909124797,9.287382963,9.069976417,8.440846483,8.903000234,8.420030207,NaN,NaN,NaN,NaN,0.027355982,NaN,NaN,NaN,10.16520383,10.64483391,NaN,13.38913473,12.204045,11.18050623,10.39878344,NaN,13.55170509,12.79248832,NaN,11.95636657,14.4551408,11.37426034,NaN,12.27300224,NaN,0.027355982,13.39984023,NaN,15.12899415,17.14074788,12.30367808,0.029199099,NaN,NaN,NaN,13.8916705,NaN,16.06542623,0.027355982,15.62404428,0.027355982,17.44119517,14.71199248,14.75852146,NaN,NaN,12.2643196,0.027355982,0.027355982,13.53772835,0.027355982,13.38877939,12.54257601,11.71533674,11.69732747,0.027355982,11.46873109,9.846534105
3,9.306009331,9.290882484,8.732699569,7.808789617,7.601206891,7.788252273,7.038966104,8.448873927,8.83919618,0.028653089,6.391870692,6.746776735,6.08886033,5.875867107,6.116160794,0.028653089,5.398232963,5.512845319,5.35580565,5.021436951,5.372285122,4.764911774,4.97925762,5.481486981,5.532030039,4.683010379,5.630162923,4.902766722,5.286325855,6.091565578,5.164702396,4.653004666,5.579619866,4.966836021,5.138754556,5.359863523,5.622047178,5.351747778,5.703700592,6.863846359,7.632317248,8.871659161,10.10559058,12.05744983,12.20231588,11.54820936,9.723384069,9.20602786,0.028653089,NaN,9.7655634,NaN,0.028653089,7.605016783,0.028653089,NaN,NaN,NaN,8.471372576,8.134546609,NaN,NaN,0.028653089,NaN,NaN,0.028653089,NaN,NaN,NaN,11.06676533,9.554170783,8.612428735,0.085959267,NaN,8.5562272,8.8265266,8.449730589,8.296996774,8.646492321,8.427840621,7.9515591,9.324698089,9.121421217,8.472973181,8.934375836,8.424030729,NaN,NaN,9.739615559,NaN,0.028653089,NaN,NaN,NaN,10.22426081,10.70730545,NaN,13.48358914,12.3069639,11.27089886,10.48890173,NaN,13.66227079,12.88974203,NaN,12.04478025,14.53478103,11.3162794,NaN,12.35209646,NaN,0.028653089,13.46169917,NaN,15.24003928,17.24244158,12.39427579,0.028653089,NaN,NaN,NaN,13.94093392,NaN,16.14390785,0.028653089,15.68545842,0.028653089,17.51458957,14.76019585,14.82020727,NaN,NaN,12.34262809,0.028653089,0.028653089,13.62279671,0.028653089,13.45247878,12.60886962,11.75579209,11.74361847,0.028653089,11.52386213,9.880671718
4,9.195904036,9.109190126,8.579644518,7.814338328,7.622818314,7.759279808,7.030040996,8.468735085,8.775541168,0.022607849,6.355264094,6.766004819,6.141653771,5.904479588,6.095939653,0.022607849,5.444348089,5.509009633,5.308858838,4.983241461,5.373700229,4.727833474,5.003264795,5.431362383,5.469976332,4.710356711,5.469796484,4.911182888,5.237157075,5.973354447,5.057625927,4.66237665,5.426887559,4.92005058,5.064287626,5.243241285,5.570966762,5.27139698,5.566075179,6.562689134,7.450463518,8.632853559,9.816834163,11.77696062,12.04081983,0.004294975,9.456102532,NaN,0.026902824,NaN,9.431784222,NaN,0.004294975,0.004294975,0.022607849,NaN,NaN,NaN,NaN,NaN,NaN,NaN,0.022607849,NaN,NaN,0.022607849,NaN,NaN,NaN,10.92197748,0.004294975,8.429780559,0.067823547,NaN,8.310259168,8.584059098,8.178787151,8.141545971,8.53240238,8.214320756,7.753791617,9.150788822,8.881659798,8.323244874,8.788148058,8.405386067,NaN,NaN,NaN,NaN,0.022607849,NaN,NaN,NaN,9.949022392,10.41615328,NaN,13.04337898,11.82730452,10.84961887,10.0689003,NaN,13.14697304,12.43648557,NaN,11.63272328,14.16361322,11.58650287,NaN,11.98347336,NaN,0.022607849,13.17340205,NaN,14.72250715,16.76849228,11.97203998,0.0311978,NaN,NaN,NaN,13.71133893,NaN,15.77813979,0.022607849,15.39923431,0.022607849,17.17253077,14.53554132,14.53271701,NaN,NaN,11.9776669,0.022607849,0.022607849,13.22633075,0.022607849,13.15560412,12.29990448,11.56724763,11.52787664,0.022607849,11.2669208,9.721571427
5,8.312392113,8.25772276,7.80553022,7.130681656,6.960743187,NaN,6.3806562,7.663952658,7.923412528,0.021727261,5.778144487,6.155636737,5.58330584,5.422443754,5.523310127,0.021727261,5.002410773,5.008676473,4.887455578,4.594647865,4.878416552,4.361090689,4.557203326,4.953079317,4.974733488,4.321837345,4.97500301,4.500399306,4.764575436,5.463543466,4.628928285,4.27962136,4.957449353,4.534490337,4.698751448,4.798569826,5.10329505,4.864260802,5.127365387,6.031604361,6.836590376,7.996070373,9.011267637,10.68104079,11.04267578,0.004920609,8.689670587,NaN,0.02664787,NaN,8.716180436,NaN,0.004920609,0.004920609,0.021727261,NaN,NaN,NaN,NaN,NaN,NaN,NaN,0.021727261,NaN,NaN,0.021727261,NaN,NaN,NaN,9.848566829,0.004920609,7.659207913,0.065181783,NaN,7.640741618,7.823188846,7.521492422,7.692060754,7.843533454,7.63173251,7.178608275,8.433699508,8.147686383,7.711122359,8.09222948,7.739628331,NaN,NaN,NaN,NaN,0.021727261,NaN,NaN,NaN,9.144334311,9.727512363,NaN,11.8654861,10.82622168,9.963142821,9.189185292,NaN,11.93427301,11.36114377,NaN,10.74620431,12.85923039,10.76956375,NaN,11.016872,NaN,0.021727261,12.04188101,NaN,13.43217159,15.24989458,11.06415776,0.031568479,NaN,NaN,NaN,12.52300886,NaN,14.26620126,0.021727261,13.91993193,0.021727261,15.46488089,13.21010623,13.22947686,NaN,NaN,10.93495845,0.021727261,0.021727261,12.14911886,0.021727261,11.9147363,11.22870756,10.59334833,10.54727353,0.021727261,10.25471744,8.779055272
6,9.306009331,9.290882484,8.732699569,7.808789617,7.601206891,7.788252273,7.038966104,8.448873927,8.83919618,0.028653089,6.391870692,6.746776735,6.08886033,5.875867107,6.116160794,0.028653089,5.398232963,5.512845319,5.35580565,5.021436951,5.372285122,4.764911774,4.97925762,5.481486981,5.532030039,4.683010379,5.630162923,4.902766722,5.286325855,6.091565578,5.164702396,4.653004666,5.579619866,4.966836021,5.138754556,5.359863523,5.622047178,5.351747778,5.703700592,6.863846359,7.632317248,8.871659161,10.10559058,12.05744983,12.20231588,11.54820936,9.723384069,9.20602786,0.028653089,NaN,9.7655634,NaN,0.028653089,7.605016783,0.028653089,NaN,NaN,NaN,8.471372576,8.134546609,NaN,NaN,0.028653089,NaN,NaN,0.028653089,NaN,NaN,NaN,11.06676533,9.554170783,8.612428735,0.085959267,NaN,8.5562272,8.8265266,8.449730589,8.296996774,8.646492321,8.427840621,7.9515591,9.324698089,9.121421217,8.472973181,8.934375836,8.424030729,NaN,NaN,9.739615559,NaN,0.028653089,NaN,NaN,NaN,10.22426081,10.70730545,NaN,13.48358914,12.3069639,11.27089886,10.48890173,NaN,13.66227079,12.88974203,NaN,12.04478025,14.53478103,11.3162794,NaN,12.35209646,NaN,0.028653089,13.46169917,NaN,15.24003928,17.24244158,12.39427579,0.028653089,NaN,NaN,NaN,13.94093392,NaN,16.14390785,0.028653089,15.68545842,0.028653089,17.51458957,14.76019585,14.82020727,NaN,NaN,12.34262809,0.028653089,0.028653089,13.62279671,0.028653089,13.45247878,12.60886962,11.75579209,11.74361847,0.028653089,11.52386213,9.880671718
7,9.306009331,9.290882484,8.732699569,7.808789617,7.601206891,7.788252273,7.038966104,8.448873927,8.83919618,0.028653089,6.391870692,6.746776735,6.08886033,5.875867107,6.116160794,0.028653089,5.398232963,5.512845319,5.35580565,5.021436951,5.372285122,4.764911774,4.97925762,5.481486981,5.532030039,4.683010379,5.630162923,4.902766722,5.286325855,6.091565578,5.164702396,4.653004666,5.579619866,4.966836021,5.138754556,5.359863523,5.622047178,5.351747778,5.703700592,6.863846359,7.632317248,8.871659161,10.10559058,12.05744983,12.20231588,11.54820936,9.723384069,9.20602786,0.028653089,NaN,9.7655634,NaN,0.028653089,7.605016783,0.028653089,NaN,NaN,NaN,8.471372576,8.134546609,NaN,NaN,0.028653089,NaN,NaN,0.028653089,NaN,NaN,NaN,11.06676533,9.554170783,8.612428735,0.085959267,NaN,8.5562272,8.8265266,8.449730589,8.296996774,8.646492321,8.427840621,7.9515591,9.324698089,9.121421217,8.472973181,8.934375836,8.424030729,NaN,NaN,9.739615559,NaN,0.028653089,NaN,NaN,NaN,10.22426081,10.70730545,NaN,13.48358914,12.3069639,11.27089886,10.48890173,NaN,13.66227079,12.88974203,NaN,12.04478025,14.53478103,11.3162794,NaN,12.35209646,NaN,0.028653089,13.46169917,NaN,15.24003928,17.24244158,12.39427579,0.028653089,NaN,NaN,NaN,13.94093392,NaN,16.14390785,0.028653089,15.68545842,0.028653089,17.51458957,14.76019585,14.82020727,NaN,NaN,12.34262809,0.028653089,0.028653089,13.62279671,0.028653089,13.45247878,12.60886962,11.75579209,11.74361847,0.028653089,11.52386213,9.880671718
8,9.306009331,9.290882484,8.732699569,7.808789617,7.601206891,7.788252273,7.038966104,8.448873927,8.83919618,0.028653089,6.391870692,6.746776735,6.08886033,5.875867107,6.116160794,0.028653089,5.398232963,5.512845319,5.35580565,5.021436951,5.372285122,4.764911774,4.97925762,5.481486981,5.532030039,4.683010379,5.630162923,4.902766722,5.286325855,6.091565578,5.164702396,4.653004666,5.579619866,4.966836021,5.138754556,5.359863523,5.622047178,5.351747778,5.703700592,6.863846359,7.632317248,8.871659161,10.10559058,12.05744983,12.20231588,11.54820936,9.723384069,9.20602786,0.028653089,NaN,9.7655634,NaN,0.028653089,7.605016783,0.028653089,NaN,NaN,NaN,8.471372576,8.134546609,NaN,NaN,0.028653089,NaN,NaN,0.028653089,NaN,NaN,NaN,11.06676533,9.554170783,8.612428735,0.085959267,NaN,8.5562272,8.8265266,8.449730589,8.296996774,8.646492321,8.427840621,7.9515591,9.324698089,9.121421217,8.472973181,8.934375836,8.424030729,NaN,NaN,9.739615559,NaN,0.028653089,NaN,NaN,NaN,10.22426081,10.70730545,NaN,13.48358914,12.3069639,11.27089886,10.48890173,NaN,13.66227079,12.88974203,NaN,12.04478025,14.53478103,11.3162794,NaN,12.35209646,NaN,0.028653089,13.46169917,NaN,15.24003928,17.24244158,12.39427579,0.028653089,NaN,NaN,NaN,13.94093392,NaN,16.14390785,0.028653089,15.68545842,0.028653089,17.51458957,14.76019585,14.82020727,NaN,NaN,12.34262809,0.028653089,0.028653089,13.62279671,0.028653089,13.45247878,12.60886962,11.75579209,11.74361847,0.028653089,11.52386213,9.880671718
9,9.306009331,9.290882484,8.732699569,7.808789617,7.601206891,7.788252273,7.038966104,8.448873927,8.83919618,0.028653089,6.391870692,6.746776735,6.08886033,5.875867107,6.116160794,0.028653089,5.398232963,5.512845319,5.35580565,5.021436951,5.372285122,4.764911774,4.97925762,5.481486981,5.532030039,4.683010379,5.630162923,4.902766722,5.286325855,6.091565578,5.164702396,4.653004666,5.579619866,4.966836021,5.138754556,5.359863523,5.622047178,5.351747778,5.703700592,6.863846359,7.632317248,8.871659161,10.10559058,12.05744983,12.20231588,11.54820936,9.723384069,9.20602786,0.028653089,NaN,9.7655634,NaN,0.028653089,7.605016783,0.028653089,NaN,NaN,NaN,8.471372576,8.134546609,NaN,NaN,0.028653089,NaN,NaN,0.028653089,NaN,NaN,NaN,11.06676533,9.554170783,8.612428735,0.085959267,NaN,8.5562272,8.8265266,8.449730589,8.296996774,8.646492321,8.427840621,7.9515591,9.324698089,9.121421217,8.472973181,8.934375836,8.424030729,NaN,NaN,9.739615559,NaN,0.028653089,NaN,NaN,NaN,10.22426081,10.70730545,NaN,13.48358914,12.3069639,11.27089886,10.48890173,NaN,13.66227079,12.88974203,NaN,12.04478025,14.53478103,11.3162794,NaN,12.35209646,NaN,0.028653089,13.46169917,NaN,15.24003928,17.24244158,12.39427579,0.028653089,NaN,NaN,NaN,13.94093392,NaN,16.14390785,0.028653089,15.68545842,0.028653089,17.51458957,14.76019585,14.82020727,NaN,NaN,12.34262809,0.028653089,0.028653089,13.62279671,0.028653089,13.45247878,12.60886962,11.75579209,11.74361847,0.028653089,11.52386213,9.880671718
10,5.231008732,5.415398086,5.200989409,4.593480233,4.476286615,NaN,3.994554704,4.654776401,4.879835402,0.028653089,3.705870498,3.866383835,3.429866841,3.591900061,3.440040832,0.028653089,3.290654153,3.165129112,3.408366599,3.222134678,3.044696134,3.067490351,2.867433312,3.269026577,3.248062992,2.839208169,3.41557977,2.967330651,3.09999416,3.777591082,3.224142831,2.848578899,3.478920543,3.187660968,3.472585336,3.350798061,3.460088201,3.494186597,3.737012317,4.575122576,4.873054421,6.043745956,6.518989011,7.101241557,7.623990314,6.952535049,6.305924496,6.272355065,0.028653089,NaN,6.632374404,NaN,0.028653089,5.258400849,0.028653089,NaN,NaN,NaN,5.70186276,5.317024874,NaN,NaN,0.028653089,NaN,NaN,0.028653089,NaN,NaN,NaN,6.123438033,6.919627809,5.117605511,0.085959267,NaN,5.579443702,5.418213743,5.547454478,6.29188785,5.488563849,5.837208549,5.384932988,6.075135756,5.837605936,5.699951383,5.76532238,5.309357441,NaN,NaN,6.329913468,NaN,0.028653089,NaN,NaN,NaN,6.632535746,7.671607322,NaN,8.251601291,7.932544519,7.394903223,6.643791538,NaN,8.318155108,8.148420448,NaN,8.162271881,8.66135615,7.293758497,NaN,8.063676208,NaN,0.028653089,8.343595153,NaN,9.532755651,10.43306211,8.418377575,0.028653089,NaN,NaN,NaN,8.51579812,NaN,9.291784433,0.028653089,8.932215113,0.028653089,9.726878319,8.687621528,8.894891737,NaN,NaN,7.694185122,0.028653089,0.028653089,8.833829965,0.028653089,7.826582027,7.788283912,7.309866064,7.28481147,0.028653089,6.94480305,5.562021738
11,2.383172905,2.646568228,2.722078479,2.435668443,2.398621789,NaN,1.998932015,2.085908732,2.232631466,0.018104616,1.822924978,1.932615343,1.611771376,1.963631938,1.731847016,0.018104616,1.807998166,1.608464544,1.92590546,1.945072745,1.540870158,1.852209281,0.009236588,1.787409855,1.690957019,1.601625634,1.819292596,1.674001089,1.54546899,2.152593964,1.80118798,1.692431255,0.009236588,1.931792206,2.192847147,0.009236588,1.949116695,2.355387324,2.204964713,0.009236588,2.853122997,3.954064484,3.797865631,3.738115528,4.337453514,0.009236588,3.796119054,3.965502227,0.018104616,NaN,4.147697075,NaN,0.018104616,3.474365932,0.018104616,NaN,NaN,NaN,0.009236588,3.122677407,NaN,0.009236588,0.027341204,3.695794304,NaN,0.018104616,NaN,NaN,0.009236588,2.866729085,4.741613091,0.009236588,0.054313848,NaN,0.009236588,3.01150872,3.214435193,4.618412857,0.009236588,0.009236588,3.387178407,0.009236588,3.362320899,NaN,0.009236588,3.013638142,NaN,NaN,0.009236588,0.009236588,0.018104616,NaN,0.009236588,NaN,0.009236588,5.250198817,NaN,0.009236588,4.515393603,4.374131761,3.741551388,NaN,4.372557221,4.457944959,NaN,4.934479992,4.447344639,4.369149932,4.628304782,4.789925604,NaN,0.018104616,4.504496456,NaN,0.009236588,5.282042786,5.269667165,0.027341204,3.916084189,3.685677285,0.009236588,4.672372584,NaN,4.388321454,0.018104616,4.28397724,0.018104616,4.56571671,4.670554274,4.858453631,0.009236588,NaN,4.437424142,0.018104616,0.018104616,5.331428015,0.018104616,3.915218043,4.306508651,4.241948756,4.100973541,0.018104616,3.783207075,2.64202669
12,1.718417523,0.008839183,0.008839183,1.756608213,1.922977402,NaN,0.008839183,0.008839183,1.621247487,0.008839183,1.479170244,1.664190469,0.008839183,1.407020786,1.42661568,1.278557963,0.008839183,1.342318283,1.262485374,0.008839183,1.2872331,1.428963368,0.02795928,1.396131518,1.256943473,1.372491694,0.008839183,1.442791338,1.198969092,0.008839183,1.18132695,1.35686915,0.019120097,0.008839183,0.008839183,0.019120097,1.545344966,2.062585003,0.008839183,0.019120097,2.185305654,0.008839183,2.846064797,3.056502079,0.008839183,0.019120097,3.53536276,0.008839183,NaN,NaN,NaN,0.008839183,0.008839183,2.281634771,0.008839183,2.058643142,0.008839183,NaN,0.019120097,2.072002052,2.086796956,0.019120097,0.019120097,0.008839183,2.192209294,0.008839183,2.160399618,2.370045616,0.019120097,2.101433551,NaN,0.019120097,1.81014286,0.019120097,0.019120097,2.521480607,0.008839183,3.040439287,0.019120097,0.019120097,NaN,NaN,2.233357701,NaN,0.019120097,NaN,NaN,NaN,0.02795928,0.02795928,2.476596345,0.019120097,0.019120097,0.008839183,0.019120097,NaN,NaN,0.019120097,0.008839183,NaN,NaN,2.712790381,NaN,2.809746867,2.343741617,2.880799895,NaN,3.251023406,0.008839183,0.008839183,NaN,3.788644017,0.008839183,4.539856547,NaN,0.008839183,3.819181744,0.019120097,3.244333316,0.008839183,0.019120097,3.410414699,0.008839183,3.088336507,3.300171884,0.008839183,3.494542313,3.620535494,3.678424147,0.008839183,0.019120097,NaN,0.008839183,3.693857894,3.004847736,0.008839183,3.537836332,2.618582123,2.832723096,0.008839183,2.707502315,3.0012874,0.008839183,2.029850486
13,0.969663412,0.000958155,0.001418022,1.114675221,1.217053532,NaN,0.001418022,0.000958155,0.000459867,0.000958155,0.833004656,0.961112698,0.001418022,0.892759941,0.983189027,0.811166294,0.000958155,0.843594143,0.766872402,0.001418022,0.848286503,0.811509091,0.018106034,0.868095345,0.76120238,0.000459867,0.000958155,0.84216606,0.622265763,0.001418022,0.783570709,0.890093732,0.017147879,0.000958155,0.000958155,0.017147879,0.898309745,1.346446226,0.000958155,0.017147879,1.335454634,0.000958155,0.000459867,1.87752634,0.000958155,0.017147879,NaN,NaN,NaN,0.000459867,NaN,0.000958155,0.000958155,1.533006912,0.000958155,1.242225195,0.000958155,NaN,0.017147879,1.288731988,1.257123758,0.017147879,0.017147879,0.000958155,1.406232453,0.000958155,1.417638133,1.400166729,0.017147879,1.382918406,NaN,0.017147879,1.118701322,0.017607747,0.017147879,1.53649672,NaN,1.954610304,0.017147879,0.017147879,NaN,NaN,1.409062069,NaN,0.017147879,NaN,NaN,NaN,0.018106034,NaN,1.590961211,0.017147879,0.017147879,0.000958155,0.017147879,NaN,NaN,NaN,0.000958155,NaN,NaN,0.000459867,0.000459867,1.735363168,NaN,1.953059539,NaN,0.000459867,0.000459867,0.000958155,NaN,2.226920504,0.000958155,2.594499243,NaN,0.000958155,2.215375777,0.017147879,1.753157758,0.000958155,0.017147879,2.185131633,0.000958155,NaN,1.865350601,NaN,2.236045567,2.245883101,2.312481444,0.000958155,0.017147879,NaN,0.000958155,2.302253152,1.797475091,0.000958155,2.425436862,1.731781058,NaN,0.000958155,1.723036905,2.004429703,0.000958155,1.203827845
14,1.597782029,1.775895861,0.003070012,1.976287765,1.970071366,NaN,0.003070012,1.547417885,0.003070012,1.286104948,1.321341475,1.499189697,0.003070012,1.440944682,1.46164678,1.310399435,1.381627269,1.264666872,1.315510227,0.003070012,1.2712529,1.445429078,0.021224475,1.410690564,1.335087916,0.003070012,1.28890935,1.396583336,1.069366958,0.003070012,1.322679484,1.46497356,0.021224475,1.536784622,1.627058925,0.021224475,1.508528117,2.14214035,1.521306178,0.021224475,2.10725465,3.019690203,0.003070012,2.856858899,3.252727831,0.021224475,NaN,2.871469703,3.5857002,0.003070012,2.936035135,3.498435057,2.69421467,2.661687369,2.423235734,2.068981319,2.158150015,NaN,0.021224475,2.078595309,2.088336565,0.021224475,0.021224475,2.417902499,2.387733598,2.444246609,2.265473174,2.348226276,0.021224475,2.193618944,3.488494606,0.021224475,1.796991952,0.024294487,0.021224475,2.240219148,NaN,3.575048135,0.021224475,0.021224475,2.451596259,0.021224475,2.327628197,NaN,0.021224475,2.163398033,2.553310613,2.841267594,0.021224475,NaN,2.491601593,0.021224475,0.021224475,2.542942961,0.021224475,3.917263747,2.752331301,NaN,2.921757473,2.92710951,2.555806238,0.003070012,0.003070012,2.829390381,0.003070012,3.213898915,3.020667425,0.003070012,0.003070012,3.369630656,3.639802802,3.503572376,3.030151914,4.36020653,0.021224475,3.210040916,3.75081241,0.021224475,2.742451701,NaN,0.021224475,3.504995602,3.406446436,2.883236216,3.054522776,3.055518801,3.439110963,3.421445671,3.733070743,3.769147266,0.021224475,NaN,3.441682963,3.695475817,2.901784673,3.9487795,3.981263634,2.836688022,NaN,3.294673206,3.014029389,3.447633752,2.897865822,1.998721866
15,1.650165041,1.84573678,2.068335582,2.010439054,2.018791393,NaN,1.677827077,1.545296778,1.726068758,1.312408154,1.329780369,1.550441689,1.20239498,1.497690071,1.528559536,1.337497735,1.412131505,1.330415342,1.367097254,1.587758574,1.332987797,1.497055098,0.025089581,1.500262526,1.347152584,1.357442405,1.337497735,1.427566238,1.106546593,1.722861329,1.337497735,1.547869233,0.025089581,1.59033103,1.695199292,0.025089581,1.560096537,2.294776787,1.580676181,0.025089581,2.199563373,3.250785892,2.78437367,3.019167214,3.36467403,0.025089581,2.972863016,2.997317624,3.834293681,4.554206733,3.077731279,3.755817508,2.877649602,2.804953314,2.50902325,2.111432352,2.254252473,NaN,0.025089581,2.229162892,2.178983729,0.025089581,0.025089581,2.566919779,2.516740616,2.5772096,2.422162175,2.456906605,0.025089581,2.317293912,3.68956864,0.025089581,1.861171512,0.025089581,0.025089581,2.355880744,2.16932888,3.790561938,0.025089581,0.025089581,2.575272118,0.025089581,2.462051516,NaN,0.025089581,2.249107562,2.693002658,3.017897268,0.025089581,0.025089581,2.655685773,0.025089581,0.025089581,2.712947328,0.025089581,4.189422783,2.920746371,0.025089581,3.110538226,3.141407692,2.680775354,2.728382061,3.049401706,2.958063257,2.151321692,3.353081699,3.203179185,3.450867569,3.343426851,3.543508527,3.854238351,3.652219192,3.133690325,4.620455601,0.025089581,3.383951165,3.919217273,0.025089581,2.828105413,2.62030637,0.025089581,3.60718494,3.569868055,2.95869823,3.150427567,3.191586854,3.607819914,3.647709254,3.967458953,3.971968891,0.025089581,NaN,3.58724027,3.927569612,2.968353078,4.202920033,4.213209855,2.938118586,3.245640981,3.509399071,3.182599541,3.603977512,3.025614634,2.033591152
16,3.084854785,0.011632244,2.390906697,2.251232321,2.281978162,NaN,1.977068488,2.294897932,2.245791285,1.916325794,2.020759354,2.259706371,1.670445862,2.064475565,1.751228445,1.77411253,1.723055379,1.977975013,1.84143604,1.917224465,1.891233879,1.895968941,0.01190553,2.183567095,1.772370683,1.838982044,1.534372184,1.777739667,1.571300015,1.962081801,1.803517197,1.981344919,0.01190553,2.190741962,2.328678795,0.01190553,2.215324217,2.701152651,2.125282791,0.01190553,2.730465568,NaN,3.068239699,3.576926867,0.011632244,0.01190553,3.058755551,NaN,3.601983899,0.011632244,3.266485849,3.579163169,0.011632244,2.820531747,3.006280187,2.460913714,2.398711157,NaN,NaN,NaN,2.546518027,0.011632244,0.011632244,2.565024231,0.011632244,2.932129606,2.756157022,0.011632244,0.01190553,NaN,3.563817031,0.01190553,1.928786593,NaN,0.01190553,3.626974518,NaN,3.236811795,0.01190553,NaN,2.748933581,0.01190553,2.926284848,NaN,NaN,2.523720114,2.765291001,3.807608311,NaN,0.01190553,NaN,0.011632244,0.01190553,2.907697554,0.01190553,0.011632244,NaN,0.01190553,3.466640606,2.956293447,3.241492944,3.784689682,3.399522041,NaN,2.870474714,0.011632244,3.119873662,3.382679129,0.011632244,0.011632244,0.011632244,3.753712638,3.680817566,0.028756555,0.01190553,3.789988054,3.645646551,0.023537774,NaN,3.707132971,0.01190553,NaN,3.768046909,3.629639108,2.950806964,3.688989525,4.278395933,3.375184267,4.31566489,NaN,0.01190553,NaN,3.243076824,3.555566934,3.271186361,4.296358686,4.808202118,2.987838201,3.221339949,3.311873791,3.803432949,4.334724246,3.086939096,2.11483856
17,4.808947417,0.022136453,2.796956061,2.492200777,2.644851334,2.793559784,2.331024312,3.224887064,2.936567338,2.644851334,2.850871972,3.1488347,2.252096066,2.778215886,2.084101611,2.302615699,2.084101611,2.752137324,2.39455779,2.289576418,2.571649418,2.311712871,2.321355874,2.951365406,2.254946514,2.407051241,1.770249154,2.204426882,2.080705333,2.239056786,2.353135331,2.514883061,2.565402693,2.897995326,3.056346778,2.586993316,2.954761683,3.236834684,2.774273778,3.097223407,3.346971121,NaN,3.356614124,4.284586384,0.022136453,3.568335656,3.140950484,NaN,3.356614124,0.022136453,3.432120657,3.32143839,0.022136453,2.789071845,3.546745033,2.859423314,2.526284851,3.102378472,NaN,NaN,2.919040119,0.022136453,0.022136453,2.539324131,0.022136453,3.295905659,3.1540152,0.022136453,3.087034574,NaN,3.289658933,3.710848249,2.023393145,NaN,2.830494305,5.255072765,NaN,2.564856863,2.846929863,NaN,2.950819575,3.542802925,3.445159938,4.246560203,NaN,2.827643857,2.833344752,4.567872341,NaN,3.314645834,NaN,0.022136453,3.134703759,3.150593487,3.109171028,0.022136453,NaN,3.188619669,3.831122651,2.751045663,3.929857298,4.993498727,3.866298385,NaN,3.589926279,0.022136453,2.985449479,3.248261908,0.022136453,0.022136453,0.022136453,3.875395558,4.290287279,0.060162635,5.113278167,4.294229387,3.360061271,0.022136453,NaN,4.971908104,3.923064742,NaN,4.0757153,4.442937837,2.713565312,4.306722838,5.213650305,3.125060756,4.827141762,NaN,NaN,2.871916764,2.909942946,3.163086938,3.651180575,4.487756574,5.628542027,3.116509414,3.217548678,3.118814031,4.583640774,5.267566215,3.166483215,2.213524054
18,4.808947417,0.022136453,2.796956061,2.492200777,2.644851334,2.793559784,2.331039041,3.224887064,2.936567338,2.644851334,2.850871972,3.1488347,2.252096066,2.778215886,2.084101611,2.302615699,2.084101611,2.752137324,2.39455779,2.289576418,2.571649418,2.311712871,2.321355874,2.951365406,2.254946514,2.407051241,1.770249154,2.204426882,2.080705333,2.239056786,2.353135331,2.514883061,2.565402693,2.897995326,3.056346778,2.586993316,2.954761683,3.236834684,2.774273778,3.097223407,3.346971121,NaN,3.356614124,4.284586384,0.022136453,3.568335656,3.140950484,NaN,3.356614124,0.022136453,3.432120657,3.32143839,0.022136453,2.789071845,3.546745033,2.859423314,2.526284851,3.102378472,NaN,NaN,2.919040119,0.022136453,0.022136453,2.539324131,0.022136453,3.295905659,3.154029928,0.022136453,3.087034574,NaN,3.289658933,3.710877707,2.023393145,NaN,2.830494305,5.255072765,NaN,2.564856863,2.846929863,NaN,2.950819575,3.542802925,3.445159938,4.246560203,NaN,2.827643857,2.833344752,4.567872341,NaN,3.314645834,NaN,0.022136453,3.134703759,3.150593487,3.109171028,0.022136453,NaN,3.188619669,3.831122651,2.751045663,3.929857298,4.993498727,3.866298385,NaN,3.589926279,0.022136453,2.985449479,3.248276637,0.022136453,0.022136453,0.022136453,3.875395558,4.290287279,0.060162635,5.113278167,4.294229387,3.360090729,0.022136453,NaN,4.971908104,3.923064742,NaN,4.0757153,4.442937837,2.713565312,4.306722838,5.213650305,3.125060756,4.827141762,NaN,NaN,2.871916764,2.909942946,3.163086938,3.651180575,4.487756574,5.628542027,3.116509414,3.217548678,3.118814031,4.583640774,5.267566215,3.166483215,2.213524054
19,4.808947417,0.022136453,2.796956061,2.492200777,2.644851334,2.793559784,2.332428127,3.224887064,2.936567338,2.644851334,2.850871972,3.1488347,2.252096066,2.778215886,2.084101611,2.302615699,2.084101611,2.752137324,2.39455779,2.289576418,2.571649418,2.311712871,2.321355874,2.951365406,2.254946514,2.407051241,1.770249154,2.204426882,2.080705333,2.239056786,2.353135331,2.514883061,2.565402693,2.897995326,3.056346778,2.586993316,2.954761683,3.236834684,2.774273778,3.097223407,3.346971121,NaN,3.356614124,4.284586384,0.022136453,3.568335656,3.140950484,NaN,3.356614124,0.022136453,3.432120657,3.32143839,0.022136453,2.789071845,3.546745033,2.859423314,2.526284851,3.102378472,NaN,NaN,2.919040119,0.022136453,0.022136453,2.539324131,0.022136453,3.295905659,3.155419014,0.022136453,3.087034574,NaN,3.289658933,3.713655879,2.023393145,NaN,2.830494305,5.255072765,NaN,2.564856863,2.846929863,NaN,2.950819575,3.542802925,3.445159938,4.246560203,NaN,2.827643857,2.833344752,4.567872341,NaN,3.314645834,NaN,0.022136453,3.134703759,3.150593487,3.109171028,0.022136453,NaN,3.188619669,3.831122651,2.751045663,3.929857298,4.993498727,3.866298385,NaN,3.589926279,0.022136453,2.985449479,3.249665723,0.022136453,0.022136453,0.022136453,3.875395558,4.290287279,0.060162635,5.113278167,4.294229387,3.362868901,0.022136453,NaN,4.971908104,3.923064742,NaN,4.0757153,4.442937837,2.713565312,4.306722838,5.213650305,3.125060756,4.827141762,NaN,NaN,2.871916764,2.909942946,3.163086938,3.651180575,4.487756574,5.628542027,3.116509414,3.217548678,3.118814031,4.583640774,5.267566215,3.166483215,2.213524054
20,4.808947417,0.022136453,2.796956061,2.492200777,2.644851334,2.793559784,2.333027411,3.224887064,2.936567338,2.644851334,2.850871972,3.1488347,2.252096066,2.778215886,2.084101611,2.302615699,2.084101611,2.752137324,2.39455779,2.289576418,2.571649418,2.311712871,2.321355874,2.951365406,2.254946514,2.407051241,1.770249154,2.204426882,2.080705333,2.239056786,2.353135331,2.514883061,2.565402693,2.897995326,3.056346778,2.586993316,2.954761683,3.236834684,2.774273778,3.097223407,3.346971121,NaN,3.356614124,4.284586384,0.022136453,3.568335656,3.140950484,NaN,3.356614124,0.022136453,3.432120657,3.32143839,0.022136453,2.789071845,3.546745033,2.859423314,2.526284851,3.102378472,NaN,NaN,2.919040119,0.022136453,0.022136453,2.539324131,0.022136453,3.295905659,3.156018298,0.022136453,3.087034574,NaN,3.289658933,3.714854447,2.023393145,NaN,2.830494305,5.255072765,NaN,2.564856863,2.846929863,NaN,2.950819575,3.542802925,3.445159938,4.246560203,NaN,2.827643857,2.833344752,4.567872341,NaN,3.314645834,NaN,0.022136453,3.134703759,3.150593487,3.109171028,0.022136453,NaN,3.188619669,3.831122651,2.751045663,3.929857298,4.993498727,3.866298385,NaN,3.589926279,0.022136453,2.985449479,3.250265007,0.022136453,0.022136453,0.022136453,3.875395558,4.290287279,0.060162635,5.113278167,4.294229387,3.364067469,0.022136453,NaN,4.971908104,3.923064742,NaN,4.0757153,4.442937837,2.713565312,4.306722838,5.213650305,3.125060756,4.827141762,NaN,NaN,2.871916764,2.909942946,3.163086938,3.651180575,4.487756574,5.628542027,3.116509414,3.217548678,3.118814031,4.583640774,5.267566215,3.166483215,2.213524054
21,4.808947417,0.022136453,2.796956061,2.492200777,2.644851334,2.793559784,2.331497001,3.224887064,2.936567338,2.644851334,2.850871972,3.1488347,2.252096066,2.778215886,2.084101611,2.302615699,2.084101611,2.752137324,2.39455779,2.289576418,2.571649418,2.311712871,2.321355874,2.951365406,2.254946514,2.407051241,1.770249154,2.204426882,2.080705333,2.239056786,2.353135331,2.514883061,2.565402693,2.897995326,3.056346778,2.586993316,2.954761683,3.236834684,2.774273778,3.097223407,3.346971121,NaN,3.356614124,4.284586384,0.022136453,3.568335656,3.140950484,NaN,3.356614124,0.022136453,3.432120657,3.32143839,0.022136453,2.789071845,3.546745033,2.859423314,2.526284851,3.102378472,NaN,NaN,2.919040119,0.022136453,0.022136453,2.539324131,0.022136453,3.295905659,3.161739063,0.022136453,3.087034574,NaN,3.304161282,3.711793627,2.023393145,NaN,2.844996654,5.255072765,NaN,2.564856863,2.846929863,NaN,2.950819575,3.542802925,3.445159938,4.246560203,NaN,2.827643857,2.833344752,4.567872341,NaN,3.314645834,NaN,0.022136453,3.134703759,3.157844662,3.109171028,0.022136453,NaN,3.188619669,3.831122651,2.758296838,3.937108473,4.993498727,3.866298385,NaN,3.597177454,0.022136453,2.985449479,3.248734597,0.022136453,0.022136453,0.022136453,3.875395558,4.290287279,0.060162635,5.113278167,4.294229387,3.361006649,0.022136453,NaN,4.971908104,3.923064742,NaN,4.082966474,4.442937837,2.713565312,4.306722838,5.213650305,3.125060756,4.827141762,NaN,NaN,2.871916764,2.909942946,3.163086938,3.651180575,4.487756574,5.628542027,3.116509414,3.217548678,3.118814031,4.583640774,5.267566215,3.166483215,2.213524054
22,4.808947417,0.022136453,2.796956061,2.492200777,2.644851334,2.793559784,2.330998877,3.224887064,2.936567338,2.644851334,2.850871972,3.1488347,2.252096066,2.778215886,2.084101611,2.302615699,2.084101611,2.752137324,2.39455779,2.289576418,2.571649418,2.311712871,2.321355874,2.951365406,2.254946514,2.407051241,1.770249154,2.204426882,2.080705333,2.239056786,2.353135331,2.514883061,2.565402693,2.897995326,3.056346778,2.586993316,2.954761683,3.236834684,2.774273778,3.097223407,3.346971121,NaN,3.356614124,4.284586384,0.022136453,3.568335656,3.140950484,NaN,3.356614124,0.022136453,3.432120657,3.32143839,0.022136453,2.789071845,3.546745033,2.859423314,2.526284851,3.102378472,NaN,NaN,2.919040119,0.022136453,0.022136453,2.539324131,0.022136453,3.295905659,3.169432084,0.022136453,3.087034574,NaN,3.320543571,3.71079738,2.023393145,NaN,2.861378943,5.255072765,NaN,2.564856863,2.846929863,NaN,2.950819575,3.542802925,3.445159938,4.246560203,NaN,2.827643857,2.833344752,4.567872341,3.69830393,3.314645834,NaN,0.022136453,3.134703759,3.166035806,3.109171028,0.022136453,NaN,3.188619669,3.831122651,2.766487982,3.945299617,4.993498727,3.866298385,NaN,3.605368598,0.022136453,2.985449479,3.248236474,0.022136453,0.022136453,0.022136453,3.875395558,4.290287279,0.060162635,5.113278167,4.294229387,3.360010402,0.022136453,NaN,4.971908104,3.923064742,NaN,4.091157619,4.442937837,2.713565312,4.306722838,5.213650305,3.125060756,4.827141762,NaN,NaN,2.871916764,2.909942946,3.163086938,3.651180575,4.487756574,5.628542027,3.116509414,3.217548678,3.118814031,4.583640774,5.267566215,3.166483215,2.213524054
23,4.652330528,0.022136453,2.832618918,2.587199873,2.698540276,2.826219047,2.454537765,3.173049621,2.924537122,2.648970806,2.860998629,3.130795035,2.312921653,2.754920499,2.126151913,2.359686228,2.13854428,2.782168727,2.400931655,2.398095077,2.569761704,2.395446796,2.400207546,2.940088917,2.31314424,2.438961304,1.832579933,2.266379665,2.198237035,2.276976298,2.385796858,2.520505461,2.625101084,2.901363334,3.083372325,2.669975777,2.921704053,3.320564082,2.833220704,3.071675891,3.400284331,NaN,3.380260346,4.322123374,0.022136453,3.638172022,3.469150168,NaN,0.004130789,0.026267243,3.647661839,NaN,0.022136453,3.03465801,NaN,3.068205845,2.901428407,3.4005377,NaN,NaN,3.216823614,0.022136453,0.026267243,NaN,0.026267243,3.479527723,0.004130789,0.022136453,0.004130789,NaN,NaN,4.015337262,2.345212175,NaN,3.192208751,NaN,NaN,2.89981746,3.129315135,NaN,3.194151348,3.795521209,0.004130789,0.004130789,NaN,NaN,3.458963517,NaN,NaN,NaN,NaN,0.022136453,3.433612187,3.431522189,3.475299278,0.022136453,NaN,3.482645844,NaN,3.272689595,4.460507481,5.491053975,4.829134403,NaN,5.379720209,0.022136453,3.460856907,0.004130789,0.022136453,0.022136453,0.022136453,4.650093936,NaN,0.055656114,5.360733938,4.591254629,3.832785442,0.022136453,NaN,5.177677988,4.271164645,NaN,4.484693938,4.677625509,3.506667771,4.881262415,5.825735926,3.437113016,5.735895,NaN,NaN,5.159237692,5.399296809,3.470632676,3.899765806,4.785906748,5.58082632,3.469491569,3.777821754,3.442882926,4.517527777,5.023827022,3.295277825,2.413671539
24,3.519722076,0.022136453,3.090522476,3.274206107,3.086803312,3.062401482,3.347935594,2.798176095,2.837538048,2.678761646,2.934231716,3.000337346,2.752794864,2.586454935,2.430247641,2.772403943,2.532258057,2.999347224,2.447025614,3.18287092,2.556110297,3.000986541,2.970440235,2.858540585,2.734013514,2.669725734,2.283338258,2.714404435,3.048192617,2.551199343,2.621995661,2.561165047,3.056822735,2.925719801,3.27881333,3.270081149,2.682640746,3.926071089,3.259507982,2.886923578,3.78583018,NaN,3.551263041,4.593580128,0.022136453,4.143208603,5.842596212,NaN,0.034003472,0.056139926,5.206393883,NaN,0.022136453,4.810666764,NaN,4.57806127,5.614359078,5.556739772,NaN,NaN,5.3703085,0.022136453,0.056139926,NaN,0.056139926,4.807429864,0.034003472,0.022136453,0.034003472,NaN,NaN,6.2176824,4.672515154,NaN,5.584675101,NaN,NaN,5.322156493,5.17144448,NaN,4.953856982,5.6231074,0.034003472,0.034003472,NaN,NaN,7.983259104,NaN,NaN,NaN,NaN,0.022136453,5.595232264,5.351443616,6.123033842,0.022136453,NaN,5.608958865,NaN,6.933394562,8.186343082,9.089230915,11.79208851,NaN,18.21132248,0.022136453,6.898867161,0.034003472,0.022136453,0.022136453,0.022136453,10.25249056,NaN,0.023066245,7.15026315,6.739256036,7.251759022,0.022136453,NaN,6.665746815,6.788523362,NaN,7.3306358,6.374819485,9.242157427,9.036167954,10.25216369,5.693785514,12.30773794,NaN,NaN,21.70048702,23.40159042,5.694715305,5.697462946,6.942043346,5.235760002,6.022157342,7.829556049,5.786456287,4.039417532,3.261175041,4.226683527,3.86108078
25,3.487408682,0.022136453,3.097880481,3.29380644,3.097880481,3.069139782,3.373424292,2.787480929,2.835055959,2.679611581,2.936321061,2.996615379,2.765344475,2.581648602,2.438923512,2.784178806,2.543490737,3.005543341,2.448340677,3.205260626,2.555720822,3.018262629,2.98670901,2.856214006,2.746020941,2.676309458,2.296198422,2.727186611,3.072441905,2.559022945,2.628734428,2.562325068,3.069139782,2.926414692,3.284389275,3.287202194,2.675820255,3.943346244,3.271669986,2.881652582,3.796829828,NaN,3.556141759,4.601324806,0.022136453,4.15761733,5.910310783,NaN,0.034855742,0.056992195,5.250864611,NaN,0.022136453,4.861336409,NaN,4.621137544,5.691759168,5.618256358,NaN,NaN,5.431747565,0.022136453,0.056992195,NaN,0.056992195,4.845314998,0.034855742,0.022136453,0.034855742,6.116143111,NaN,6.28051545,4.738913261,NaN,5.652932322,NaN,NaN,5.391265984,5.229706564,NaN,5.004061499,5.675248553,0.034855742,0.034855742,NaN,NaN,8.112337553,NaN,NaN,NaN,NaN,0.022136453,5.656903426,5.4062191,6.198573882,0.022136453,NaN,5.669622714,NaN,7.037834714,8.292641415,9.191887138,11.99074205,NaN,18.57740893,0.022136453,6.996953818,0.034855742,0.022136453,0.022136453,0.022136453,10.4123273,NaN,0.022136453,7.201318535,6.800538656,7.349302562,0.022136453,NaN,6.708201516,6.860343771,NaN,7.411830707,6.42324054,9.405791322,9.154707681,10.37844997,5.758168528,12.49523304,NaN,NaN,22.17240995,23.91519703,5.758168528,5.748751363,7.003558064,5.225915238,6.094985064,7.945152293,5.853318588,4.025777016,3.210886465,4.253256593,3.90237546
26,3.487408682,0.022136453,3.097880481,3.29380644,3.097880481,3.069139782,3.373424292,2.787480929,2.835055959,2.679611581,2.936321061,2.996615379,2.765344475,2.581648602,2.438923512,2.784178806,2.543490737,3.005543341,2.448340677,3.205260626,2.555720822,3.018262629,2.98670901,2.856214006,2.746020941,2.676309458,2.296198422,2.727186611,3.072441905,2.559022945,2.628734428,2.562325068,3.069139782,2.926414692,3.284389275,3.287202194,2.675820255,3.943346244,3.271669986,2.881652582,3.796829828,NaN,3.556141759,4.601324806,0.022136453,4.15761733,5.910310783,NaN,0.034855742,0.056992195,5.250864611,NaN,0.022136453,4.861336409,NaN,4.621137544,5.691759168,5.618256358,NaN,NaN,5.431747565,0.022136453,0.056992195,NaN,0.056992195,4.845314998,0.034855742,0.022136453,0.034855742,6.116143111,NaN,6.28051545,4.738913261,NaN,5.652932322,NaN,NaN,5.391265984,5.229706564,NaN,5.004061499,5.675248553,0.034855742,0.034855742,NaN,NaN,8.112337553,NaN,NaN,NaN,NaN,0.022136453,5.656903426,5.4062191,6.198573882,0.022136453,NaN,5.669622714,NaN,7.037834714,8.292641415,9.191887138,11.99074205,NaN,18.57740893,0.022136453,6.996953818,0.034855742,0.022136453,0.022136453,0.022136453,10.4123273,NaN,0.022136453,7.201318535,6.800538656,7.349302562,0.022136453,NaN,6.708201516,6.860343771,NaN,7.411830707,6.42324054,9.405791322,9.154707681,10.37844997,5.758168528,12.49523304,NaN,NaN,22.17240995,23.91519703,5.758168528,5.748751363,7.003558064,5.225915238,6.094985064,7.945152293,5.853318588,4.025777016,3.210886465,4.253256593,3.90237546
27,NaN,0.014602955,3.61891186,3.605380926,3.49985695,3.433448758,3.727997158,3.192215408,3.277087664,3.027021215,3.35575227,3.406310479,3.192494317,2.989141091,2.883342961,3.13158844,2.987910186,3.322263581,2.828086916,3.502323515,2.850395966,3.38716196,3.293878275,3.085290274,3.120436293,3.055685431,2.608883708,0.004960621,3.43454827,2.891180449,2.970813175,3.00637425,3.329275711,3.372296219,3.665597592,3.603181902,3.145949488,4.316835929,3.769360337,3.44823623,4.191068676,NaN,4.012666073,4.965059394,0.014602955,4.421954359,0.004960621,NaN,0.034855742,0.049458697,5.438404577,NaN,0.014602955,5.056780141,NaN,0.004960621,5.974476604,5.77566233,NaN,NaN,5.709134114,0.014602955,0.049458697,NaN,0.049458697,5.045349084,0.034855742,0.014602955,0.034855742,6.26694125,NaN,6.418078937,5.021094285,NaN,5.970374108,NaN,NaN,5.610606143,5.709571907,NaN,5.27667256,5.87472724,0.034855742,0.034855742,NaN,0.004960621,8.233186831,NaN,NaN,NaN,NaN,0.014602955,6.167809441,5.825446188,6.709109631,0.014602955,NaN,6.148377258,NaN,7.511073236,8.785722422,9.613297849,12.27014607,NaN,18.90255036,0.014602955,7.603943982,0.034855742,0.014602955,0.014602955,0.014602955,10.99597644,NaN,0.014602955,7.556945237,7.375377348,8.215540964,0.014602955,NaN,7.272193299,7.446750916,NaN,8.207694745,7.307655228,10.28195097,9.897837229,11.30641843,6.524268839,13.27952863,NaN,NaN,NaN,24.45880992,6.469702005,6.242202637,NaN,5.803697073,6.607557278,8.650448204,6.490627879,4.570500701,3.625523198,4.684977801,4.531799974
28,NaN,0.003563521,4.57964541,4.218352794,4.278886227,4.213254533,4.36084532,3.948287153,4.110532723,3.698431797,4.234442163,4.194345683,4.01763133,3.805228037,3.772309557,3.838888021,3.945362211,3.937507822,3.630843397,4.025215699,3.436957602,4.102904119,3.892492656,3.625113195,3.831420498,3.78743836,3.243897244,0.015851639,4.002048271,3.522790258,3.657789221,3.824666551,3.804311768,4.21434604,4.324965034,4.213389898,4.117698866,4.855579366,4.662306221,4.51259791,4.939333249,NaN,5.108693592,5.648538981,0.003563521,5.025300921,0.012229814,NaN,0.029916889,0.03348041,5.807389257,NaN,0.003563521,5.422530277,NaN,0.012229814,6.360119582,6.024760194,NaN,NaN,6.404368943,0.003563521,0.03348041,NaN,0.03348041,5.461616996,0.029916889,0.003563521,0.029916889,6.378604466,NaN,6.580480078,5.529422544,NaN,6.474728349,NaN,NaN,NaN,6.550056842,NaN,5.83090194,6.205891521,0.029916889,NaN,NaN,0.012229814,8.064227911,NaN,NaN,NaN,NaN,0.003563521,NaN,6.56653685,7.568527056,0.003563521,NaN,7.027733045,NaN,8.213107928,NaN,9.967418954,11.95686016,NaN,17.81207248,0.003563521,8.620508056,0.029916889,0.003563521,0.003563521,0.003563521,11.92368041,NaN,0.003563521,8.647687691,8.441958093,9.634062294,0.003563521,NaN,8.316623326,8.459493608,NaN,9.493457809,8.918757178,11.44172748,10.70891121,12.73604683,8.2049869,13.69260091,NaN,NaN,NaN,22.97662227,7.744494645,7.257676103,NaN,6.90093119,7.520664456,9.648743863,7.854208044,6.095068264,5.130677585,6.138450575,5.935519278
29,NaN,6.874363053,5.541771922,4.933249972,5.15841207,5.278073461,4.939567029,4.731146562,4.993473636,4.451785676,5.391047479,5.069159238,4.942518293,4.792502738,4.845153393,4.722471696,5.26671795,4.635722763,4.704159281,4.483541882,4.137887153,4.913019109,4.576631612,4.474228258,4.597548713,4.604898584,4.03339552,0.031340586,4.307147149,4.205606779,4.493450048,4.642849497,4.267871241,5.109860928,4.870884722,4.896917324,5.366387352,5.001184731,5.491525468,5.630085812,5.744707661,6.013013219,6.874255351,6.366603269,6.015000712,5.934106825,0.014576304,0.023990714,0.011995357,0.011995357,6.237803912,NaN,NaN,5.802919003,NaN,0.014576304,6.389906657,6.16612395,NaN,NaN,7.58339147,6.442509831,0.011995357,NaN,0.011995357,6.003081313,0.011995357,NaN,0.011995357,6.053272282,NaN,6.503373341,6.006994169,NaN,6.767063218,NaN,NaN,NaN,7.275262942,0.011995357,6.521394664,6.441232317,0.011995357,NaN,NaN,0.014576304,6.865690475,NaN,NaN,NaN,7.074314695,8.714304486,NaN,7.224827037,8.213854242,NaN,NaN,7.899370269,NaN,8.468024801,NaN,9.210941062,9.466507364,NaN,12.27996744,10.46909236,9.368809336,0.011995357,10.68474944,9.799718172,11.24369544,12.46260922,NaN,10.38594472,10.8828574,9.527507761,10.58504356,11.40544929,10.54053672,9.374341546,9.293640141,10.65045177,10.30362117,10.48049971,11.40574365,10.05204402,13.42828859,10.59250331,11.3920881,NaN,13.2447344,NaN,14.96476927,8.923378593,8.552044754,NaN,8.083454535,8.350949328,9.854525061,9.714843474,8.988395193,8.583750102,9.321223325,7.98000372
30,NaN,7.980123117,5.938864415,5.248139679,5.540920198,5.773278958,5.167613469,5.059294782,5.36736373,4.778608045,5.922713888,5.447026886,5.34358834,5.233348327,5.323785747,5.121552966,5.883238849,4.940005658,5.200027703,4.659880117,4.449462231,5.26569558,4.875611102,4.885242191,4.924371082,4.958900907,4.38938662,0.038632768,4.381394827,4.497294086,4.867340142,4.980278677,4.456805065,5.489717353,5.073739985,5.193245111,5.935840526,4.983948663,5.82099954,6.101425984,6.088103172,6.573185434,7.734069981,6.669560313,6.428003421,6.368986082,0.014576304,0.004102943,0.002051472,0.002051472,6.427400662,NaN,NaN,5.962684096,NaN,0.014576304,6.332232121,6.203247789,NaN,NaN,8.164777307,6.193249769,0.002051472,NaN,0.002051472,6.251015524,0.002051472,NaN,0.002051472,5.833180951,NaN,6.424485183,6.19791677,NaN,6.845951376,NaN,NaN,NaN,7.551702958,0.002051472,6.832969742,6.51945755,0.002051472,NaN,NaN,0.014576304,6.168955567,NaN,NaN,NaN,7.257282188,8.981463542,NaN,7.480053431,8.437923128,NaN,NaN,8.257350146,NaN,8.485260869,NaN,8.680600504,8.011385457,NaN,9.125104041,9.894998707,9.624698656,0.002051472,10.83987406,10.10466399,11.67061959,12.60845287,NaN,10.85794782,12.02971885,9.978960161,10.8853489,10.8174342,11.14181032,9.813198358,9.602563516,10.86921725,10.54426319,11.1149196,11.15582066,9.492534736,13.56882884,11.71616237,9.909786242,NaN,10.13030947,NaN,10.37666051,9.39074121,9.140722773,NaN,8.587940991,8.677108771,9.783592011,10.57996151,10.45080928,10.39088555,10.97389709,8.94920109
31,NaN,8.208246772,6.020786519,5.31310295,5.619833476,5.875442249,5.214660554,5.126993349,5.444499066,4.846033082,6.032399242,5.524982811,5.426331032,5.324296906,5.422529919,5.203885364,6.010430095,5.002780693,5.302327759,4.696259549,4.513741678,5.338454443,4.937292018,4.970036355,4.991796119,5.0319333,4.462829307,0.040137181,4.396712482,4.557470589,4.944475478,5.04989195,4.495783028,5.568083572,5.115590008,5.254378968,6.053321473,4.980392779,5.888971636,6.198665743,6.158947328,6.688751674,7.911453901,6.732061818,6.51320788,6.458703779,0.014576304,7.381440173,6.764806155,8.510548035,6.466515389,NaN,NaN,5.995644408,NaN,0.014576304,6.320333586,6.210906616,0.014576304,8.727275927,8.28472002,6.141826212,0.025560877,0.014576304,6.621136953,6.302165552,6.59455764,0.014576304,NaN,5.787775044,6.289111896,6.408210174,6.237305027,NaN,6.862226385,5.853054335,6.098753933,NaN,7.608733871,6.116055951,6.897249189,6.535595794,6.845708667,NaN,NaN,0.014576304,6.025215782,5.207477094,7.079767059,NaN,7.295029268,9.036579749,NaN,7.532707871,8.484149624,7.539025316,NaN,8.331203127,8.188403671,8.488816753,NaN,8.571188679,7.711186764,NaN,8.474240449,9.776560407,9.677489861,12.03986576,10.87187701,10.16757579,11.75869611,12.63854112,12.55341873,10.95532434,12.26632192,10.07209698,10.94730335,10.69612384,11.26585598,9.903736643,9.666295904,10.91434963,10.59390881,11.2458035,11.10426034,9.377105261,13.59782297,11.94797867,9.603980193,NaN,9.48778853,NaN,9.430111466,9.48716038,9.262169898,NaN,8.692018989,8.744397044,9.76895818,10.75843955,10.75251239,10.76370635,11.31485169,9.149151199
32,NaN,9.504171099,6.886293373,5.958393879,6.53249947,6.696002905,5.926914362,6.204112221,6.20000185,5.324900564,8.091801841,6.136260052,6.036660748,6.082862433,5.837824863,6.176409498,6.435142633,5.761643489,5.833109859,5.368175428,5.432060583,5.916551348,5.278341244,5.603183294,5.547371953,5.43989236,5.222777028,0.029855435,4.892976403,5.217852959,5.352057209,5.747273873,4.891557814,5.871572949,5.945157794,5.82062355,6.185526669,5.700515937,6.400437613,0.012501971,6.861396635,7.117247914,8.63716959,0.012501971,7.166048175,6.946932023,0.011850606,8.958791507,7.154059293,8.155657064,6.654892842,NaN,NaN,6.513654982,NaN,0.011850606,NaN,7.390784717,0.011850606,8.290248252,8.128750849,NaN,0.043008772,NaN,7.330123288,6.961080484,6.863947442,NaN,NaN,6.265377911,6.275329621,7.023911702,NaN,NaN,7.071576595,0.012501971,6.792596818,NaN,8.529864557,NaN,7.815787563,7.564542296,7.876659584,NaN,NaN,0.011850606,0.012501971,5.62017047,0.012501971,NaN,7.92929506,0.012501971,NaN,NaN,8.660229749,9.030973015,NaN,8.784226579,8.704221678,8.670527927,NaN,9.556812319,8.582863178,NaN,9.64117023,11.60670953,0.012501971,NaN,0.012501971,NaN,0.012501971,0.012501971,12.9343656,12.98940324,11.98523032,10.69926116,11.78554827,11.28037796,NaN,9.564427763,9.751608344,11.06744185,9.980865304,10.62519949,11.13767999,10.67320036,15.19126777,NaN,10.17862946,NaN,10.26565587,NaN,NaN,NaN,9.153951794,NaN,8.833401663,8.711965095,9.564313681,12.25189773,10.77212499,10.43007104,10.26874259,9.326918083
33,NaN,NaN,7.374210959,6.278651778,7.098800423,7.32122813,6.211844349,7.154748853,6.885714735,5.622186155,9.711853924,6.364427315,6.420435331,6.831871842,5.710298991,7.071592259,6.304577327,6.192146865,5.925132994,5.746479424,6.078883418,5.857947056,5.545735984,5.819976909,5.692137719,5.603285577,5.752934852,0.009633502,5.211056886,5.622977144,5.357406513,6.078932795,5.104125114,5.659781105,6.757700239,6.198583434,5.645373757,6.259494276,6.665122314,0.050520468,7.401219593,7.27941259,9.09618459,0.050520468,7.663215535,7.419255196,0.003561759,11.23586139,7.296339996,7.522838549,NaN,NaN,NaN,7.434869292,NaN,0.003561759,NaN,9.036637156,0.003561759,7.587478419,7.281969847,NaN,0.10711268,NaN,8.499740757,9.005365991,6.732405095,NaN,NaN,6.603477173,5.995611164,8.064699578,NaN,NaN,7.080102515,NaN,7.606746436,NaN,9.242853116,NaN,9.631239842,8.957213891,9.937713994,NaN,NaN,0.003561759,0.050520468,NaN,0.050520468,NaN,9.468877415,0.050520468,NaN,NaN,8.881935436,10.39381785,NaN,11.01748806,9.09570704,8.685920664,NaN,10.96587758,10.17389715,NaN,11.49166334,13.99479864,0.050520468,NaN,0.064724613,NaN,0.050520468,0.050520468,13.24017158,14.96198115,12.20129914,11.81852302,12.68137511,12.20254003,NaN,8.891380731,9.093900476,10.80314382,9.40790199,9.475829275,11.3991064,12.9061069,17.50875577,NaN,10.85903306,NaN,10.66711163,NaN,NaN,NaN,8.514490053,NaN,8.585010918,7.808622991,8.087340582,12.94642617,10.10119821,9.353848747,7.728904342,8.532716123
34,5.95681103,NaN,5.806854446,5.408003014,5.161747749,5.640447813,4.732248459,5.460405457,5.969193881,5.340280876,4.904883497,5.266265115,5.936575477,5.824614771,4.637435888,6.050039066,4.41612707,4.532172305,4.529027515,4.325004614,4.259554177,4.387325713,5.239568139,3.977081539,4.290485164,4.369058037,4.298267809,0.001151311,4.378377339,4.316782676,4.445108306,3.907453482,3.999318118,3.945443095,4.784123771,4.240417124,4.633498508,4.79703911,5.159769544,0.066857208,5.543854999,5.569586276,7.005519939,0.066857208,5.880220778,6.52914583,6.613794313,9.917090766,6.302051628,7.375710297,NaN,NaN,NaN,9.098392745,8.852080301,8.306844818,NaN,9.651258944,8.573645182,9.294425017,7.279702923,NaN,0.134865726,NaN,10.55095336,15.83407731,8.603735667,NaN,9.896539705,7.80242248,7.459260011,10.99555807,NaN,11.70046989,8.286265508,NaN,9.21120255,NaN,11.71397349,NaN,11.70435775,9.505585988,11.92251522,NaN,NaN,0.066857208,0.066857208,NaN,0.066857208,9.940070313,15.60175988,0.066857208,NaN,NaN,11.15772021,10.12520318,NaN,18.49645349,10.92110404,11.05218411,NaN,13.54584173,12.45649744,NaN,12.89742535,14.28978653,0.066857208,NaN,0.132250743,NaN,0.066857208,0.066857208,12.36163375,10.65383219,12.92375708,13.95316207,11.0377544,12.19399852,NaN,10.21424376,7.157020224,9.348712972,12.27795946,9.810570998,11.49935011,11.96580078,13.60292374,NaN,11.24786337,NaN,8.849322803,12.03613574,NaN,NaN,6.824969293,7.856689431,7.123096735,6.267038724,4.910023563,7.558582033,6.846069407,6.673275197,4.947526339,4.865617739
35,4.29675789,NaN,4.002808724,4.045463808,3.764774809,4.299632472,3.208589605,3.692724809,4.500204095,3.211464186,2.869110773,3.320976478,4.128455765,4.470809179,2.890438315,4.107128223,3.091009938,3.409161228,2.898505689,2.935967981,3.02415273,2.24606836,4.329027388,2.861043398,2.772858648,3.743447267,3.091009938,2.807446358,3.203396812,3.283514187,3.053547647,3.099077313,3.57227056,3.254119271,4.286372304,3.981481182,3.467951061,4.291565097,4.315767221,0.066857208,5.026994383,4.863885051,6.433313959,0.066857208,5.412002881,5.901330878,5.874810543,9.401551438,5.943985962,7.270188162,NaN,7.679398783,NaN,7.168743245,7.270188162,5.935918587,8.003299237,7.679398783,5.470792714,6.286339376,4.521531637,NaN,0.133714416,0.066857208,7.79697845,15.69484545,5.106419328,17.85504727,8.307633989,4.500204095,5.351828188,7.62060895,NaN,11.64706343,5.878618475,NaN,6.633193152,NaN,5.863868587,NaN,9.749097644,7.7087937,10.24649302,10.07244173,6.248877084,0.066857208,0.066857208,NaN,0.066857208,7.805045824,13.11217284,0.066857208,NaN,13.77198511,8.960071318,6.655213124,10.26875391,20.40600675,7.604474201,7.996857643,NaN,10.31047564,10.33987056,12.04820667,12.78813632,10.81593839,0.066857208,NaN,0.163109332,12.48393763,0.066857208,0.066857208,12.70871138,9.871870103,13.38015804,12.58306434,10.54850956,10.58077905,11.27818968,9.609634065,6.433313959,9.818273063,13.57141349,9.428071772,10.75195576,11.53291471,12.61069741,NaN,9.548526021,8.850559026,7.663264034,9.914525187,7.433297494,7.093818662,5.909398252,6.564710163,6.331869041,4.195312973,3.994741349,6.144557585,5.783751211,6.056372835,3.764774809,3.914623974
36,4.29675789,NaN,4.002808724,4.045463808,3.764774809,4.299632472,3.208589605,3.692724809,4.500204095,3.211464186,2.869110773,3.320976478,4.128455765,4.470809179,2.890438315,4.107128223,3.091009938,3.409161228,2.898505689,2.935967981,3.02415273,2.24606836,4.329027388,2.861043398,2.772858648,3.743447267,3.091009938,2.807446358,3.203396812,3.283514187,3.053547647,3.099077313,3.57227056,3.254119271,4.286372304,3.981481182,3.467951061,4.291565097,4.315767221,0.066857208,5.026994383,4.863885051,6.433313959,0.066857208,5.412002881,5.901330878,5.874810543,9.401551438,5.943985962,7.270188162,NaN,7.679398783,NaN,7.168743245,7.270188162,5.935918587,8.003299237,7.679398783,5.470792714,6.286339376,4.521531637,NaN,0.133714416,0.066857208,7.79697845,15.69484545,5.106419328,17.85504727,8.307633989,4.500204095,5.351828188,7.62060895,NaN,11.64706343,5.878618475,NaN,6.633193152,NaN,5.863868587,NaN,9.749097644,7.7087937,10.24649302,10.07244173,6.248877084,0.066857208,0.066857208,NaN,0.066857208,7.805045824,13.11217284,0.066857208,NaN,13.77198511,8.960071318,6.655213124,10.26875391,20.40600675,7.604474201,7.996857643,NaN,10.31047564,10.33987056,12.04820667,12.78813632,10.81593839,0.066857208,NaN,0.163109332,12.48393763,0.066857208,0.066857208,12.70871138,9.871870103,13.38015804,12.58306434,10.54850956,10.58077905,11.27818968,9.609634065,6.433313959,9.818273063,13.57141349,9.428071772,10.75195576,11.53291471,12.61069741,NaN,9.548526021,8.850559026,7.663264034,9.914525187,7.433297494,7.093818662,5.909398252,6.564710163,6.331869041,4.195312973,3.994741349,6.144557585,5.783751211,6.056372835,3.764774809,3.914623974
37,4.29675789,NaN,4.002808724,4.045463808,3.764774809,4.299632472,3.208589605,3.692724809,4.500204095,3.211464186,2.869110773,3.320976478,4.128455765,4.470809179,2.890438315,4.107128223,3.091009938,3.409161228,2.898505689,2.935967981,3.02415273,2.24606836,4.329027388,2.861043398,2.772858648,3.743447267,3.091009938,2.807446358,3.203396812,3.283514187,3.053547647,3.099077313,3.57227056,3.254119271,4.286372304,3.981481182,3.467951061,4.291565097,4.315767221,0.066857208,5.026994383,4.863885051,6.433313959,0.066857208,5.412002881,5.901330878,5.874810543,9.401551438,5.943985962,7.270188162,NaN,7.679398783,NaN,7.168743245,7.270188162,5.935918587,8.003299237,7.679398783,5.470792714,6.286339376,4.521531637,NaN,0.133714416,0.066857208,7.79697845,15.69484545,5.106419328,17.85504727,8.307633989,4.500204095,5.351828188,7.62060895,NaN,11.64706343,5.878618475,NaN,6.633193152,NaN,5.863868587,NaN,9.749097644,7.7087937,10.24649302,10.07244173,6.248877084,0.066857208,0.066857208,NaN,0.066857208,7.805045824,13.11217284,0.066857208,NaN,13.77198511,8.960071318,6.655213124,10.26875391,20.40600675,7.604474201,7.996857643,NaN,10.31047564,10.33987056,12.04820667,12.78813632,10.81593839,0.066857208,NaN,0.163109332,12.48393763,0.066857208,0.066857208,12.70871138,9.871870103,13.38015804,12.58306434,10.54850956,10.58077905,11.27818968,9.609634065,6.433313959,9.818273063,13.57141349,9.428071772,10.75195576,11.53291471,12.61069741,NaN,9.548526021,8.850559026,7.663264034,9.914525187,7.433297494,7.093818662,5.909398252,6.564710163,6.331869041,4.195312973,3.994741349,6.144557585,5.783751211,6.056372835,3.764774809,3.914623974
38,4.29675789,NaN,4.002808724,4.045463808,3.764774809,4.299632472,3.208589605,3.692724809,4.500204095,3.211464186,2.869110773,3.320976478,4.128455765,4.470809179,2.890438315,4.107128223,3.091009938,3.409161228,2.898505689,2.935967981,3.02415273,2.24606836,4.329027388,2.861043398,2.772858648,3.743447267,3.091009938,2.807446358,3.203396812,3.283514187,3.053547647,3.099077313,3.57227056,3.254119271,4.286372304,3.981481182,3.467951061,4.291565097,4.315767221,0.066857208,5.026994383,4.863885051,6.433313959,0.066857208,5.412002881,5.901330878,5.874810543,9.401551438,5.943985962,7.270188162,NaN,7.679398783,NaN,7.168743245,7.270188162,5.935918587,8.003299237,7.679398783,5.470792714,6.286339376,4.521531637,NaN,0.133714416,0.066857208,7.79697845,15.69484545,5.106419328,17.85504727,8.307633989,4.500204095,5.351828188,7.62060895,NaN,11.64706343,5.878618475,NaN,6.633193152,NaN,5.863868587,NaN,9.749097644,7.7087937,10.24649302,10.07244173,6.248877084,0.066857208,0.066857208,NaN,0.066857208,7.805045824,13.11217284,0.066857208,NaN,13.77198511,8.960071318,6.655213124,10.26875391,20.40600675,7.604474201,7.996857643,NaN,10.31047564,10.33987056,12.04820667,12.78813632,10.81593839,0.066857208,NaN,0.163109332,12.48393763,0.066857208,0.066857208,12.70871138,9.871870103,13.38015804,12.58306434,10.54850956,10.58077905,11.27818968,9.609634065,6.433313959,9.818273063,13.57141349,9.428071772,10.75195576,11.53291471,12.61069741,NaN,9.548526021,8.850559026,7.663264034,9.914525187,7.433297494,7.093818662,5.909398252,6.564710163,6.331869041,4.195312973,3.994741349,6.144557585,5.783751211,6.056372835,3.764774809,3.914623974
39,4.594321946,NaN,4.340047988,4.303352657,3.923475639,4.557521321,3.466478454,3.91093845,4.698580133,3.509028243,3.107162018,3.69789095,4.406182218,4.649347613,3.168164767,4.365017072,3.329061183,3.7860757,3.096881727,3.213694433,3.361391994,2.543632417,4.586916237,3.218120266,3.169610723,3.921985701,3.46792441,3.224036037,3.619986491,3.680266262,3.370949307,3.555342199,3.929347428,3.492170516,4.583936361,4.298882842,3.805190325,4.668479569,4.772032107,0.066857208,5.503096873,5.478850767,6.909416449,0.066857208,6.086481409,6.496458991,6.430263448,10.17521798,0.019837604,7.805803463,NaN,8.61176616,NaN,NaN,7.984341897,6.5310467,8.657940161,8.492740537,6.105596034,7.317894771,5.414223806,NaN,NaN,0.066857208,8.471456978,NaN,0.019837604,18.569201,9.378864592,5.551597094,NaN,8.751352364,NaN,12.51991799,6.881075187,NaN,0.019837604,NaN,6.637535133,NaN,10.70130262,8.442785039,11.07967237,10.74692025,6.923355612,0.066857208,0.066857208,NaN,0.066857208,8.757250805,13.9850274,NaN,0.019837604,14.83858517,10.09081473,7.547905293,0.019837604,0.019837604,8.417815955,8.825406461,NaN,10.96511657,0.019837604,12.92106124,13.53733473,NaN,0.066857208,NaN,0.163109332,NaN,0.066857208,0.066857208,13.60140355,10.60586144,13.95544855,13.15835485,11.08412486,11.13623196,11.87331779,10.50232623,7.187142901,10.39356357,14.28093668,10.1025503,11.36692148,12.08836762,NaN,NaN,9.9651157,NaN,8.179041732,10.31127726,8.008588003,7.351707511,6.58387678,7.040812653,6.708783513,4.592065048,4.252630198,6.38260883,6.140828079,6.433287307,4.141689281,4.470076879
40,0.001596025,NaN,NaN,NaN,3.904668612,NaN,3.456885702,3.893910746,4.653780026,3.502137579,3.099312451,3.666246071,4.379375686,4.619239199,3.142247411,4.337299145,3.312464337,3.744735637,3.092333513,3.196610843,3.340560555,2.540080217,4.547472278,3.202229301,3.159186408,3.902400224,3.46499138,3.192559867,3.612291723,3.663088857,3.36700044,3.53920495,3.9149874,3.488575894,4.561984868,4.273969354,3.782295046,4.645861777,4.738093856,0.066426499,5.485653505,5.467923557,0.001596025,0.066426499,NaN,6.476082517,0.001596025,10.06250763,0.018627998,7.731427338,NaN,NaN,NaN,NaN,7.901028664,0.001596025,NaN,0.000213298,NaN,NaN,NaN,NaN,NaN,NaN,NaN,NaN,0.018627998,NaN,NaN,5.506423363,0.001596025,8.65735691,NaN,0.000213298,0.001596025,NaN,NaN,0.001596025,0.001596025,NaN,NaN,8.361080268,10.93763537,NaN,0.001596025,0.001596025,0.068022524,NaN,0.066426499,8.807915286,0.001596025,NaN,0.001596025,0.001596025,0.001596025,NaN,0.018627998,0.018627998,NaN,NaN,NaN,NaN,NaN,NaN,NaN,NaN,0.001596025,0.000213298,0.160151302,NaN,0.066426499,0.066426499,13.4033412,10.45139671,13.78118017,12.9523422,0.001596025,0.001596025,NaN,10.30352425,7.082982621,0.001596025,14.00132072,9.953020554,11.24671122,0.001596025,NaN,NaN,9.83857797,NaN,8.079736243,10.20032871,NaN,7.268857167,NaN,6.964839375,6.625740228,0.001596025,4.208749802,6.308646951,6.080144783,6.349690013,4.097977813,4.410330496
41,0.05111556,NaN,NaN,NaN,5.889335584,NaN,5.564176045,5.241969444,5.135452425,4.408466678,NaN,4.989845308,5.450720876,5.11706265,4.29768875,4.905703304,5.185151109,5.657878386,4.742528551,4.813591983,5.082350537,4.98293356,5.324034029,5.149665374,5.445150524,5.054823203,6.018083516,5.368589651,5.721943001,5.663818829,5.611071722,5.870711689,5.784066486,5.201369621,6.037982379,5.587984242,6.416077174,6.57449212,6.280180505,0.029505923,7.980791004,8.94048422,NaN,8.501449734,NaN,9.335897423,0.05111556,10.33912225,0.061322056,9.26558213,NaN,NaN,NaN,NaN,12.77570585,0.05111556,NaN,0.051142886,NaN,NaN,NaN,NaN,NaN,NaN,NaN,NaN,0.061322056,NaN,NaN,12.23343002,0.05111556,13.09157338,11.85491848,0.051142886,0.05111556,NaN,NaN,0.05111556,0.05111556,12.95825394,NaN,14.11894669,12.49594254,NaN,0.05111556,0.05111556,0.05111556,NaN,0.05111556,18.65233708,0.05111556,NaN,0.05111556,0.05111556,0.05111556,NaN,0.061322056,0.061322056,NaN,NaN,NaN,NaN,NaN,NaN,NaN,NaN,0.05111556,0.257684347,NaN,NaN,NaN,NaN,16.42126653,12.60165619,16.81369975,12.41021107,0.05111556,0.05111556,NaN,10.69074748,8.914957023,0.05111556,13.09099814,10.71156449,10.61335584,0.05111556,NaN,NaN,8.672672641,NaN,8.718967625,10.47960905,NaN,7.536349273,NaN,8.667780243,8.094755688,0.05111556,6.784545358,7.614996208,6.801777189,6.091412845,6.650655428,5.892751589
42,6.840252523,8.740790644,NaN,10.39947387,9.865841171,13.30214225,8.994634848,7.572506735,7.934568736,8.346252162,NaN,7.732655289,7.222572367,6.759282168,8.062454433,7.136882117,6.991935269,8.534857447,7.97990365,8.319893172,8.062815347,7.855866993,6.643725471,7.995733032,7.179342429,8.081240154,8.466488033,8.034502759,8.732108223,9.110932866,7.79578026,7.777595645,7.847843996,6.780560349,7.655716941,6.851960924,8.054575578,8.57326626,8.583952427,0.00488353,8.631303345,10.42896227,NaN,7.728500665,9.753363887,12.56873691,12.98680051,15.2619115,0.066156131,8.820942027,10.5059352,11.77365609,12.61504376,NaN,16.82004688,17.26379054,NaN,0.055830878,14.33047273,0.055830878,12.14600326,NaN,NaN,12.57044592,NaN,NaN,0.066156131,11.27501355,13.60044831,14.76207995,NaN,12.69490715,11.07722816,0.055830878,17.95713527,14.07037286,0.066156131,16.69358126,14.3248724,14.48384641,16.11585374,18.91398249,13.59048696,12.51880017,13.54671581,11.89175099,12.5155329,NaN,11.67404699,12.67980951,12.88101355,NaN,0.066156131,NaN,10.39210417,11.14752776,0.066156131,0.066156131,11.51868906,11.80211047,NaN,11.84944614,0.066156131,0.00488353,13.50308156,NaN,0.085132056,0.090015585,NaN,NaN,13.9276756,NaN,14.57411695,16.20240918,16.81690252,12.34469251,12.97361056,12.77023522,11.01979234,10.8649019,10.13145538,9.844812609,10.58349524,9.511518265,11.37708037,11.19049109,NaN,9.034658029,9.995538515,NaN,8.991892131,8.808511798,12.92248967,9.054695013,NaN,9.566888092,8.051681484,8.502173462,11.91777987,10.42870841,8.910325851,7.43549407,7.364427841,7.067545798
43,5.084269346,6.339959809,NaN,6.972287663,6.67670317,8.935318932,6.487617092,5.594675866,5.360977215,6.033025658,5.451860682,5.690111772,5.100970805,4.739917552,5.689392818,5.098605752,5.065968102,5.956382397,5.244551258,5.756379895,5.737966659,5.275542809,4.71590917,5.665384436,5.070536332,5.537260995,6.020173475,5.634246801,6.256187294,6.333483832,5.322582542,5.586391913,5.462855004,4.799647592,5.35373597,5.04195972,5.983652455,6.131835231,6.254525403,5.312898345,6.301565136,NaN,6.713065883,5.862368607,8.03804637,11.14473051,11.12879432,14.59157762,0.066156131,10.45843572,NaN,NaN,18.48604044,NaN,27.1586328,31.18722058,28.23926231,0.055830878,29.25096296,0.055830878,35.65283681,NaN,NaN,NaN,39.46367302,NaN,0.066156131,NaN,49.67962408,39.81033629,NaN,44.71556041,49.12317924,0.055830878,NaN,NaN,0.066156131,NaN,44.88413597,NaN,43.64861653,44.56032025,42.47139668,52.2047602,NaN,NaN,NaN,NaN,0.063791078,43.77926578,NaN,NaN,0.066156131,NaN,43.34571536,45.38405783,0.066156131,0.066156131,0.127582156,NaN,NaN,NaN,0.066156131,NaN,47.2202808,NaN,0.055830878,0.055830878,NaN,NaN,28.68088708,NaN,27.07268257,26.4635225,28.92947707,26.95171527,18.18535471,19.71535027,16.41581839,15.54364794,14.96277011,12.23654172,12.62788336,10.57549665,11.25874761,15.51769446,NaN,8.677864894,9.428202697,NaN,8.535896448,9.510522573,12.14862062,8.87344525,NaN,7.642805567,7.559328792,7.359114529,9.396517696,8.871249276,6.981066586,6.485927187,6.045831526,6.290380924
44,2.737056916,3.023078278,2.327555882,2.062931357,2.067135971,2.461360807,2.71640641,2.727477994,1.721079117,2.482011313,2.195989951,2.65908287,1.985703642,1.85413771,2.129087488,2.062931357,2.339373797,2.316484298,1.290927577,2.04153452,2.327555882,1.621708234,1.975378389,2.250328167,2.095872737,1.82241562,2.459868145,2.130306778,2.616289196,2.239256583,1.743695243,2.461833765,1.963560474,1.909222258,2.16352153,2.460614476,3.036861813,2.571529901,2.923707395,3.420015066,3.045694404,NaN,3.930106272,3.145065288,5.507801542,8.557500974,8.08259014,12.7857199,0.066156131,12.11873468,NaN,NaN,25.15541895,NaN,39.22111821,47.65053573,47.4099704,0.055830878,47.15221285,0.055830878,64.60416447,NaN,NaN,NaN,58.98743853,NaN,0.066156131,NaN,94.31537269,70.55915979,NaN,84.33231909,96.41398157,0.055830878,NaN,NaN,0.066156131,NaN,82.75449923,NaN,77.59044176,75.66870485,78.07537908,101.5318367,NaN,NaN,NaN,97.92037017,0.143383847,82.40839278,NaN,NaN,0.066156131,77.45825409,84.39576327,87.84757421,0.066156131,0.066156131,0.286767693,NaN,NaN,NaN,0.066156131,90.9206361,89.0086523,NaN,0.055830878,0.055830878,0.143383847,NaN,46.72738602,44.1288116,42.50655662,38.56781735,43.8944661,44.7687269,24.23657304,27.61578424,22.72966188,21.05227276,20.59806202,14.80023409,15.03239019,11.83318628,10.69447514,20.44532303,NaN,7.968962763,8.288198877,NaN,7.583570518,9.990866481,10.53044078,8.276654334,NaN,5.276391769,6.977093752,5.840348233,5.624687616,6.46705214,4.225979928,4.953224414,4.26041397,5.118478056
45,2.737056916,3.023078278,2.327555882,2.062931357,2.067135971,2.461360807,2.71640641,2.727477994,1.721079117,2.482011313,2.195989951,2.65908287,1.985703642,1.85413771,2.129087488,2.062931357,2.339373797,2.316484298,1.290927577,2.04153452,2.327555882,1.621708234,1.975378389,2.250328167,2.095872737,1.82241562,2.459868145,2.130306778,2.616289196,2.239256583,1.743695243,2.461833765,1.963560474,1.909222258,2.16352153,2.460614476,3.036861813,2.571529901,2.923707395,3.420015066,3.045694404,NaN,3.930106272,3.145065288,5.507801542,8.557500974,8.08259014,12.7857199,0.066156131,12.11873468,NaN,NaN,25.15541895,NaN,39.22111821,47.65053573,47.4099704,0.055830878,47.15221285,0.055830878,64.60416447,NaN,NaN,NaN,58.98743853,NaN,0.066156131,NaN,94.31537269,70.55915979,NaN,84.33231909,96.41398157,0.055830878,NaN,NaN,0.066156131,NaN,82.75449923,NaN,77.59044176,75.66870485,78.07537908,101.5318367,NaN,NaN,NaN,97.92037017,0.143383847,82.40839278,NaN,NaN,0.066156131,77.45825409,84.39576327,87.84757421,0.066156131,0.066156131,0.286767693,NaN,NaN,NaN,0.066156131,90.9206361,89.0086523,NaN,0.055830878,0.055830878,0.143383847,NaN,46.72738602,44.1288116,42.50655662,38.56781735,43.8944661,44.7687269,24.23657304,27.61578424,22.72966188,21.05227276,20.59806202,14.80023409,15.03239019,11.83318628,10.69447514,20.44532303,NaN,7.968962763,8.288198877,NaN,7.583570518,9.990866481,10.53044078,8.276654334,NaN,5.276391769,6.977093752,5.840348233,5.624687616,6.46705214,4.225979928,4.953224414,4.26041397,5.118478056
46,2.737056916,3.023078278,2.327555882,2.062931357,2.067135971,2.461360807,2.71640641,2.727477994,1.721079117,2.482011313,2.195989951,2.65908287,1.985703642,1.85413771,2.129087488,2.062931357,2.339373797,2.316484298,1.290927577,2.04153452,2.327555882,1.621708234,1.975378389,2.250328167,2.095872737,1.82241562,2.459868145,2.130306778,2.616289196,2.239256583,1.743695243,2.461833765,1.963560474,1.909222258,2.16352153,2.460614476,3.036861813,2.571529901,2.923707395,3.420015066,3.045694404,NaN,3.930106272,3.145065288,5.507801542,8.557500974,8.08259014,12.7857199,0.066156131,12.11873468,NaN,NaN,25.15541895,NaN,39.22111821,47.65053573,47.4099704,0.055830878,47.15221285,0.055830878,64.60416447,NaN,NaN,NaN,58.98743853,NaN,0.066156131,NaN,94.31537269,70.55915979,NaN,84.33231909,96.41398157,0.055830878,NaN,NaN,0.066156131,NaN,82.75449923,NaN,77.59044176,75.66870485,78.07537908,101.5318367,NaN,NaN,NaN,97.92037017,0.143383847,82.40839278,NaN,NaN,0.066156131,77.45825409,84.39576327,87.84757421,0.066156131,0.066156131,0.286767693,NaN,NaN,NaN,0.066156131,90.9206361,89.0086523,NaN,0.055830878,0.055830878,0.143383847,NaN,46.72738602,44.1288116,42.50655662,38.56781735,43.8944661,44.7687269,24.23657304,27.61578424,22.72966188,21.05227276,20.59806202,14.80023409,15.03239019,11.83318628,10.69447514,20.44532303,NaN,7.968962763,8.288198877,NaN,7.583570518,9.990866481,10.53044078,8.276654334,NaN,5.276391769,6.977093752,5.840348233,5.624687616,6.46705214,4.225979928,4.953224414,4.26041397,5.118478056
47,0.048538105,0.004625896,164.5990468,0.048538105,0.08928645,106.5547637,0.002312948,0.053164001,116.9360247,0.002312948,NaN,0.002312948,97.87917113,97.04702101,0.053164001,95.14773308,0.002312948,0.050851053,101.5985581,0.038435397,0.048538105,0.002312948,0.048538105,86.74377082,0.053164001,0.048538105,0.002312948,0.050851053,95.91961297,0.002312948,NaN,0.038435397,0.048538105,0.048538105,0.002312948,0.002312948,96.31634243,NaN,88.38768399,0.002312948,0.050851053,NaN,0.002312948,NaN,0.002312948,0.002312948,0.040748345,NaN,NaN,NaN,NaN,NaN,99.75207815,NaN,0.050851053,0.002312948,NaN,0.030600339,0.002312948,0.076825496,0.306940032,NaN,NaN,NaN,NaN,0.002312948,NaN,NaN,113.4353408,0.048538105,NaN,0.048538105,0.048538105,0.028287391,NaN,0.09707621,NaN,NaN,0.002312948,NaN,NaN,113.7528895,NaN,0.145614315,0.048538105,0.002312948,0.057502146,125.4482489,NaN,NaN,NaN,NaN,0.080845416,NaN,117.2422587,0.048538105,0.080845416,NaN,0.002312948,0.002312948,NaN,0.002312948,NaN,0.048538105,0.048538105,0.048538105,NaN,0.002312948,0.071738805,NaN,0.048538105,120.6978367,0.048538105,0.048538105,122.8304039,NaN,0.002312948,NaN,NaN,0.002312948,NaN,NaN,NaN,NaN,NaN,0.008964041,0.002312948,140.3295552,NaN,0.002312948,127.1191568,0.008964041,NaN,0.048538105,NaN,0.09707621,NaN,0.048538105,0.145614315,0.008964041,NaN,116.7297355,0.050851053,111.2149475
48,0.076390416,0.022314728,NaN,0.076390416,0.154324639,174.5748658,0.011157364,0.098705144,192.3629462,0.011157364,NaN,0.011157364,159.8524532,158.4967999,0.098705144,155.3325404,0.011157364,0.08754778,166.5872236,0.066776859,0.076390416,0.011157364,0.076390416,141.2577676,0.098705144,0.076390416,0.011157364,0.08754778,156.4949516,0.011157364,NaN,0.066776859,0.076390416,0.076390416,0.011157364,0.011157364,156.505739,NaN,143.5682747,0.011157364,0.08754778,179.3869229,0.011157364,NaN,0.011157364,0.011157364,0.077934223,NaN,NaN,NaN,NaN,NaN,148.8556938,NaN,0.08754778,0.011157364,NaN,0.011157364,0.011157364,0.076390416,0.49752173,NaN,NaN,0.076390416,NaN,0.011157364,NaN,NaN,111.1157713,0.076390416,NaN,0.076390416,0.076390416,143.1768116,92.81668461,0.152780832,NaN,NaN,0.011157364,NaN,NaN,127.1282652,NaN,0.229171247,0.076390416,0.011157364,0.11060314,NaN,NaN,NaN,NaN,NaN,0.076390416,NaN,124.224229,0.076390416,0.076390416,NaN,0.011157364,0.011157364,NaN,0.011157364,NaN,0.076390416,0.076390416,0.076390416,NaN,0.011157364,NaN,206.6456484,0.076390416,NaN,0.076390416,0.076390416,170.0615752,NaN,0.011157364,NaN,NaN,0.011157364,NaN,NaN,NaN,NaN,NaN,0.034212724,0.011157364,225.6516354,NaN,0.011157364,204.4008003,0.034212724,NaN,0.076390416,0.011157364,0.152780832,NaN,0.076390416,0.229171247,0.034212724,NaN,188.3436624,0.08754778,180.4988836
49,0.05190836,0.036714542,NaN,0.05190836,0.13704249,59.83218851,0.018357271,0.088622902,63.11578057,0.018357271,NaN,0.018357271,55.19456272,52.65580641,0.088622902,51.10160502,0.018357271,0.070265631,56.24674758,0.066776859,0.05190836,0.018357271,0.05190836,49.55960945,0.088622902,0.05190836,0.018357271,0.070265631,54.18394919,0.018357271,NaN,0.066776859,0.05190836,0.05190836,0.018357271,0.018357271,54.28501392,NaN,49.82607306,0.018357271,0.070265631,61.7002565,0.018357271,NaN,0.018357271,0.018357271,0.08513413,NaN,NaN,NaN,NaN,NaN,51.32332019,NaN,0.070265631,0.018357271,NaN,0.018357271,0.018357271,0.05190836,NaN,NaN,NaN,NaN,NaN,0.018357271,NaN,NaN,38.23183267,0.05190836,NaN,0.05190836,0.05190836,46.9657212,35.02945442,0.103816719,NaN,NaN,0.018357271,NaN,NaN,43.31768003,NaN,0.155725079,0.05190836,NaN,NaN,NaN,NaN,NaN,NaN,NaN,0.05190836,NaN,42.35601907,0.05190836,0.05190836,NaN,0.018357271,0.018357271,NaN,0.018357271,NaN,0.05190836,0.05190836,0.05190836,NaN,0.018357271,NaN,68.55756425,0.05190836,NaN,0.05190836,0.05190836,60.84975184,NaN,0.018357271,NaN,NaN,0.018357271,NaN,NaN,NaN,NaN,NaN,0.015057659,0.018357271,76.21749774,NaN,0.018357271,NaN,0.015057659,NaN,0.05190836,0.018357271,0.103816719,NaN,0.05190836,0.155725079,0.015057659,NaN,62.47232041,0.070265631,60.01681217
50,0.022060227,0.054270566,15.94596858,0.022060227,0.10649668,15.98486231,0.027135283,0.076330793,14.65967341,0.027135283,NaN,0.027135283,15.52580491,13.17692106,0.076330793,11.5844145,0.027135283,0.04919551,13.70106753,0.05730117,0.022060227,0.027135283,0.022060227,14.30749528,0.076330793,0.022060227,0.027135283,0.04919551,14.77567353,0.027135283,NaN,0.05730117,0.022060227,0.022060227,0.027135283,0.027135283,14.82031627,NaN,13.99456893,0.027135283,0.04919551,15.83958161,0.027135283,NaN,0.027135283,0.027135283,0.084436453,0.022060227,NaN,NaN,NaN,NaN,11.4533471,NaN,0.04919551,0.027135283,NaN,0.027135283,0.027135283,0.022060227,NaN,NaN,NaN,NaN,0.027135283,0.027135283,NaN,NaN,9.30095802,0.022060227,NaN,0.022060227,0.022060227,10.71602377,10.85749129,0.044120454,NaN,NaN,0.027135283,NaN,NaN,9.939278211,NaN,0.066180681,0.022060227,NaN,NaN,17.43850437,NaN,NaN,NaN,0.022060227,0.022060227,NaN,10.424697,0.022060227,0.022060227,10.72411197,0.027135283,0.027135283,NaN,0.027135283,NaN,0.022060227,0.022060227,0.022060227,0.022060227,0.027135283,13.35073783,14.69069719,0.022060227,16.19162033,0.022060227,0.022060227,16.26052688,NaN,0.027135283,NaN,NaN,0.027135283,NaN,0.022060227,NaN,NaN,18.42244788,0.022060227,0.027135283,19.24920905,NaN,0.027135283,NaN,0.022060227,NaN,0.022060227,0.027135283,0.044120454,NaN,0.022060227,0.066180681,17.29657478,NaN,15.88542321,0.04919551,15.44793646
